/*
SQLyog Ultimate v10.00 Beta1
MySQL - 5.5.5-10.1.10-MariaDB : Database - dailymodern
*********************************************************************
*/

/*!40101 SET NAMES utf8 */;

/*!40101 SET SQL_MODE=''*/;

/*!40014 SET @OLD_UNIQUE_CHECKS=@@UNIQUE_CHECKS, UNIQUE_CHECKS=0 */;
/*!40014 SET @OLD_FOREIGN_KEY_CHECKS=@@FOREIGN_KEY_CHECKS, FOREIGN_KEY_CHECKS=0 */;
/*!40101 SET @OLD_SQL_MODE=@@SQL_MODE, SQL_MODE='NO_AUTO_VALUE_ON_ZERO' */;
/*!40111 SET @OLD_SQL_NOTES=@@SQL_NOTES, SQL_NOTES=0 */;
CREATE DATABASE /*!32312 IF NOT EXISTS*/`dailymodern` /*!40100 DEFAULT CHARACTER SET latin1 */;

USE `dailymodern`;

/*Table structure for table `cartas` */

DROP TABLE IF EXISTS `cartas`;

CREATE TABLE `cartas` (
  `CRT_ID` bigint(20) NOT NULL AUTO_INCREMENT,
  `CRT_NUMERO_EDICION` varchar(255) DEFAULT NULL,
  `CRT_NOMBRE` varchar(255) DEFAULT NULL,
  `CRT_TIPO` varchar(255) DEFAULT NULL,
  `CRT_MANA` varchar(255) DEFAULT NULL,
  `CRT_RAREZA` varchar(255) DEFAULT NULL,
  `CRT_ARTISTA` varchar(255) DEFAULT NULL,
  `CRT_EDICION` varchar(255) DEFAULT NULL,
  `EDN_ID` bigint(20) DEFAULT NULL,
  `CRT_IMAGEN` varchar(255) DEFAULT NULL,
  PRIMARY KEY (`CRT_ID`),
  KEY `EDN_ID` (`EDN_ID`),
  CONSTRAINT `cartas_ibfk_1` FOREIGN KEY (`EDN_ID`) REFERENCES `ediciones` (`EDN_ID`)
) ENGINE=InnoDB AUTO_INCREMENT=1023 DEFAULT CHARSET=latin1;

/*Data for the table `cartas` */

insert  into `cartas`(`CRT_ID`,`CRT_NUMERO_EDICION`,`CRT_NOMBRE`,`CRT_TIPO`,`CRT_MANA`,`CRT_RAREZA`,`CRT_ARTISTA`,`CRT_EDICION`,`EDN_ID`,`CRT_IMAGEN`) values (1,'1','Angel of Sanctions','Creature — Angel 3/4','3WW','Mythic Rare','Min Yum',' Amonkhet',NULL,NULL),(2,'2','Anointed Procession','Enchantment','3W','Rare','Victor Adame Minguez',' Amonkhet',NULL,NULL),(3,'3','Anointer Priest','Creature — Human Cleric 1/3','1W','Common','Lake Hurwitz',' Amonkhet',NULL,NULL),(4,'4','Approach of the Second Sun','Sorcery','6W','Rare','Noah Bradley',' Amonkhet',NULL,NULL),(5,'5','Aven Mindcensor','Creature — Bird Wizard 2/1','2W','Rare','Eric Deschamps',' Amonkhet',NULL,NULL),(6,'6','Binding Mummy','Creature — Zombie 2/2','1W','Common','Shreya Shetty',' Amonkhet',NULL,NULL),(7,'7','Cartouche of Solidarity','Enchantment — Aura Cartouche','W','Common','Kieran Yanner',' Amonkhet',NULL,NULL),(8,'8','Cast Out','Enchantment','3W','Uncommon','Magali Villeneuve',' Amonkhet',NULL,NULL),(9,'9','Compulsory Rest','Enchantment — Aura','1W','Common','Eric Deschamps',' Amonkhet',NULL,NULL),(10,'10','Devoted Crop-Mate','Creature — Human Warrior 3/2','2W','Uncommon','Zoltan Boros',' Amonkhet',NULL,NULL),(11,'11','Djeru\'s Resolve','Instant','W','Common','Kieran Yanner',' Amonkhet',NULL,NULL),(12,'12','Fan Bearer','Creature — Zombie 1/2','W','Common','Anthony Palumbo',' Amonkhet',NULL,NULL),(13,'13','Forsake the Worldly','Instant','2W','Common','Steve Argyle',' Amonkhet',NULL,NULL),(14,'14','Gideon of the Trials','Planeswalker — Gideon (Loyalty: 3)','1WW','Mythic Rare','Izzy',' Amonkhet',NULL,NULL),(15,'15','Gideon\'s Intervention','Enchantment','2WW','Rare','Daarken',' Amonkhet',NULL,NULL),(16,'16','Glory-Bound Initiate','Creature — Human Warrior 3/1','1W','Rare','David Palumbo',' Amonkhet',NULL,NULL),(17,'17','Gust Walker','Creature — Human Wizard 2/2','1W','Common','Jason Rainville',' Amonkhet',NULL,NULL),(18,'18','Impeccable Timing','Instant','1W','Common','Kev Walker',' Amonkhet',NULL,NULL),(19,'19','In Oketra\'s Name','Instant','1W','Common','Nils Hamm',' Amonkhet',NULL,NULL),(20,'20','Mighty Leap','Instant','1W','Common','Sidharth Chaturvedi',' Amonkhet',NULL,NULL),(21,'21','Oketra the True','Legendary Creature — God 3/6','3W','Mythic Rare','Chase Stone',' Amonkhet',NULL,NULL),(22,'22','Oketra\'s Attendant','Creature — Bird Soldier 3/3','3WW','Uncommon','Lake Hurwitz',' Amonkhet',NULL,NULL),(23,'23','Protection of the Hekma','Enchantment','4W','Uncommon','Ryan Alexander Lee',' Amonkhet',NULL,NULL),(24,'24','Regal Caracal','Creature — Cat 3/3','3WW','Rare','Filip Burburan',' Amonkhet',NULL,NULL),(25,'25','Renewed Faith','Instant','2W','Uncommon','Wesley Burt',' Amonkhet',NULL,NULL),(26,'26','Rhet-Crop Spearmaster','Creature — Human Warrior 3/1','2W','Common','Dan Scott',' Amonkhet',NULL,NULL),(27,'27','Sacred Cat','Creature — Cat 1/1','W','Common','Zezhou Chen',' Amonkhet',NULL,NULL),(28,'28','Seraph of the Suns','Creature — Angel 4/4','5WW','Uncommon','Winona Nelson',' Amonkhet',NULL,NULL),(29,'29','Sparring Mummy','Creature — Zombie 3/3','3W','Common','Ryan Pancoast',' Amonkhet',NULL,NULL),(30,'30','Supply Caravan','Creature — Camel 3/5','4W','Common','Nils Hamm',' Amonkhet',NULL,NULL),(31,'31','Tah-Crop Elite','Creature — Bird Warrior 2/2','3W','Common','Raoul Vitale',' Amonkhet',NULL,NULL),(32,'32','Those Who Serve','Creature — Zombie 2/4','2W','Common','Volkan Baga',' Amonkhet',NULL,NULL),(33,'33','Time to Reflect','Instant','W','Uncommon','Daarken',' Amonkhet',NULL,NULL),(34,'34','Trial of Solidarity','Enchantment','2W','Uncommon','Daniel Ljunggren',' Amonkhet',NULL,NULL),(35,'35','Trueheart Duelist','Creature — Human Warrior 2/2','1W','Uncommon','Izzy',' Amonkhet',NULL,NULL),(36,'36','Unwavering Initiate','Creature — Human Warrior 3/2','2W','Common','Greg Opalinski',' Amonkhet',NULL,NULL),(37,'37','Vizier of Deferment','Creature — Human Cleric 2/2','2W','Uncommon','Deruchenko Alexander',' Amonkhet',NULL,NULL),(38,'38','Vizier of Remedies','Creature — Human Cleric 2/1','1W','Uncommon','Randy Gallegos',' Amonkhet',NULL,NULL),(39,'39','Winged Shepherd','Creature — Angel 3/3','5W','Common','Chris Rahn',' Amonkhet',NULL,NULL),(40,'40','Ancient Crab','Creature — Crab 1/5','1UU','Common','James Paick',' Amonkhet',NULL,NULL),(41,'41','Angler Drake','Creature — Drake 4/4','4UU','Uncommon','Svetlin Velinov',' Amonkhet',NULL,NULL),(42,'42','As Foretold','Enchantment','2U','Mythic Rare','Tommy Arnold',' Amonkhet',NULL,NULL),(43,'43','Aven Initiate','Creature — Bird Warrior 3/2','3U','Common','Jakub Kasper',' Amonkhet',NULL,NULL),(44,'44','Cancel','Instant','1UU','Common','Mathias Kollros',' Amonkhet',NULL,NULL),(45,'45','Cartouche of Knowledge','Enchantment — Aura Cartouche','1U','Common','Kieran Yanner',' Amonkhet',NULL,NULL),(46,'46','Censor','Instant','1U','Uncommon','John Stanko',' Amonkhet',NULL,NULL),(47,'47','Compelling Argument','Sorcery','1U','Common','Lucas Graciano',' Amonkhet',NULL,NULL),(48,'48','Cryptic Serpent','Creature — Serpent 6/5','5UU','Uncommon','Lius Lasahido',' Amonkhet',NULL,NULL),(49,'49','Curator of Mysteries','Creature — Sphinx 4/4','2UU','Rare','Christine Choi',' Amonkhet',NULL,NULL),(50,'50','Decision Paralysis','Instant','3U','Common','Vincent Proce',' Amonkhet',NULL,NULL),(51,'51','Drake Haven','Enchantment','2U','Rare','John Severin Brassell',' Amonkhet',NULL,NULL),(52,'52','Essence Scatter','Instant','1U','Common','Josh Hass',' Amonkhet',NULL,NULL),(53,'53','Floodwaters','Sorcery','4UU','Common','Jung Park',' Amonkhet',NULL,NULL),(54,'54','Galestrike','Instant','2U','Uncommon','Mike Bierek',' Amonkhet',NULL,NULL),(55,'55','Glyph Keeper','Creature — Sphinx 5/3','3UU','Rare','Chris Rahn',' Amonkhet',NULL,NULL),(56,'56','Hekma Sentinels','Creature — Human Cleric 2/3','2U','Common','James Ryman',' Amonkhet',NULL,NULL),(57,'57','Hieroglyphic Illumination','Instant','3U','Common','Raoul Vitale',' Amonkhet',NULL,NULL),(58,'58','Illusory Wrappings','Enchantment — Aura','2U','Common','Deruchenko Alexander',' Amonkhet',NULL,NULL),(59,'59','Kefnet the Mindful','Legendary Creature — God 5/5','2U','Mythic Rare','Chase Stone',' Amonkhet',NULL,NULL),(60,'60','Labyrinth Guardian','Creature — Illusion Warrior 2/3','1U','Uncommon','Yeong-Hao Han',' Amonkhet',NULL,NULL),(61,'61','Lay Claim','Enchantment — Aura','5UU','Uncommon','Chris Rallis',' Amonkhet',NULL,NULL),(62,'62','Naga Oracle','Creature — Naga Cleric 2/4','3U','Common','Deruchenko Alexander',' Amonkhet',NULL,NULL),(63,'63','New Perspectives','Enchantment','5U','Rare','Darek Zabrocki',' Amonkhet',NULL,NULL),(64,'64','Open into Wonder','Sorcery','XUU','Uncommon','Tyler Jacobson',' Amonkhet',NULL,NULL),(65,'65','Pull from Tomorrow','Instant','XUU','Rare','Sara Winters',' Amonkhet',NULL,NULL),(66,'66','River Serpent','Creature — Serpent 5/5','5U','Common','Christopher Moeller',' Amonkhet',NULL,NULL),(67,'67','Sacred Excavation','Sorcery','3U','Uncommon','Noah Bradley',' Amonkhet',NULL,NULL),(68,'68','Scribe of the Mindful','Creature — Human Cleric 2/2','2U','Common','Bastien L. Deharme',' Amonkhet',NULL,NULL),(69,'69','Seeker of Insight','Creature — Human Wizard 1/3','1U','Common','Magali Villeneuve',' Amonkhet',NULL,NULL),(70,'70','Shimmerscale Drake','Creature — Drake 3/4','4U','Common','Tony Foti',' Amonkhet',NULL,NULL),(71,'71','Slither Blade','Creature — Naga Rogue 1/2','U','Common','Zezhou Chen',' Amonkhet',NULL,NULL),(72,'72','Tah-Crop Skirmisher','Creature — Naga Warrior 2/1','1U','Common','Victor Adame Minguez',' Amonkhet',NULL,NULL),(73,'73','Trial of Knowledge','Enchantment','3U','Uncommon','Viktor Titov',' Amonkhet',NULL,NULL),(74,'74','Vizier of Many Faces','Creature — Shapeshifter Cleric 0/0','2UU','Rare','Ryan Yee',' Amonkhet',NULL,NULL),(75,'75','Vizier of Tumbling Sands','Creature — Human Cleric 1/3','2U','Uncommon','Josu Hernaiz',' Amonkhet',NULL,NULL),(76,'76','Winds of Rebuke','Instant','1U','Common','Mathias Kollros',' Amonkhet',NULL,NULL),(77,'77','Zenith Seeker','Creature — Bird Wizard 2/2','3U','Uncommon','Jason Kang',' Amonkhet',NULL,NULL),(78,'78','Archfiend of Ifnir','Creature — Demon 5/4','3BB','Rare','Seb McKinnon',' Amonkhet',NULL,NULL),(79,'79','Baleful Ammit','Creature — Crocodile Demon 4/3','2B','Uncommon','Seb McKinnon',' Amonkhet',NULL,NULL),(80,'80','Blighted Bat','Creature — Zombie Bat 2/1','2B','Common','Nils Hamm',' Amonkhet',NULL,NULL),(81,'81','Bone Picker','Creature — Bird 3/2','3B','Uncommon','Yeong-Hao Han',' Amonkhet',NULL,NULL),(82,'82','Bontu the Glorified','Legendary Creature — God 4/6','2B','Mythic Rare','Chase Stone',' Amonkhet',NULL,NULL),(83,'83','Cartouche of Ambition','Enchantment — Aura Cartouche','2B','Common','Kieran Yanner',' Amonkhet',NULL,NULL),(84,'84','Cruel Reality','Enchantment — Aura Curse','5BB','Mythic Rare','Kieran Yanner',' Amonkhet',NULL,NULL),(85,'85','Cursed Minotaur','Creature — Zombie Minotaur 3/2','2B','Common','David Palumbo',' Amonkhet',NULL,NULL),(86,'86','Dispossess','Sorcery','2B','Rare','Mark Behm',' Amonkhet',NULL,NULL),(87,'87','Doomed Dissenter','Creature — Human 1/1','1B','Common','Tony Foti',' Amonkhet',NULL,NULL),(88,'88','Dread Wanderer','Creature — Zombie Jackal 2/1','B','Rare','Josh Hass',' Amonkhet',NULL,NULL),(89,'89','Dune Beetle','Creature — Insect 1/4','1B','Common','Grzegorz Rutkowski',' Amonkhet',NULL,NULL),(90,'90','Faith of the Devoted','Enchantment','2B','Uncommon','Raoul Vitale',' Amonkhet',NULL,NULL),(91,'91','Festering Mummy','Creature — Zombie 1/1','B','Common','Christopher Burdett',' Amonkhet',NULL,NULL),(92,'92','Final Reward','Instant','4B','Common','Sidharth Chaturvedi',' Amonkhet',NULL,NULL),(93,'93','Gravedigger','Creature — Zombie 2/2','3B','Uncommon','Tony Foti',' Amonkhet',NULL,NULL),(94,'94','Grim Strider','Creature — Horror 6/6','3B','Uncommon','Christine Choi',' Amonkhet',NULL,NULL),(95,'95','Horror of the Broken Lands','Creature — Horror 4/4','4B','Common','Daarken',' Amonkhet',NULL,NULL),(96,'96','Lay Bare the Heart','Sorcery','1B','Uncommon','Karl Kopinski',' Amonkhet',NULL,NULL),(97,'97','Liliana, Death\'s Majesty','Planeswalker — Liliana (Loyalty: 5)','3BB','Mythic Rare','Chris Rallis',' Amonkhet',NULL,NULL),(98,'98','Liliana\'s Mastery','Enchantment','3BB','Rare','Kieran Yanner',' Amonkhet',NULL,NULL),(99,'99','Lord of the Accursed','Creature — Zombie 2/3','2B','Uncommon','Grzegorz Rutkowski',' Amonkhet',NULL,NULL),(100,'100','Miasmic Mummy','Creature — Zombie Jackal 2/2','1B','Common','E. M. Gist',' Amonkhet',NULL,NULL),(101,'101','Nest of Scarabs','Enchantment','2B','Uncommon','Jason A. Engle',' Amonkhet',NULL,NULL),(102,'102','Painful Lesson','Sorcery','2B','Common','Adrian Majkrzak',' Amonkhet',NULL,NULL),(103,'103','Pitiless Vizier','Creature — Minotaur Cleric 4/2','3B','Common','Volkan Baga',' Amonkhet',NULL,NULL),(104,'104','Plague Belcher','Creature — Zombie Beast 5/4','2B','Rare','Izzy',' Amonkhet',NULL,NULL),(105,'105','Ruthless Sniper','Creature — Human Archer 1/2','B','Uncommon','Sara Winters',' Amonkhet',NULL,NULL),(106,'106','Scarab Feast','Instant','B','Common','Tony Foti',' Amonkhet',NULL,NULL),(107,'107','Shadow of the Grave','Instant','1B','Rare','Darek Zabrocki',' Amonkhet',NULL,NULL),(108,'108','Soulstinger','Creature — Scorpion Demon 4/5','3B','Common','Mike Burns',' Amonkhet',NULL,NULL),(109,'109','Splendid Agony','Instant','2B','Common','Clint Cearley',' Amonkhet',NULL,NULL),(110,'110','Stir the Sands','Sorcery','4BB','Uncommon','David Gaillet',' Amonkhet',NULL,NULL),(111,'111','Supernatural Stamina','Instant','B','Common','Christopher Moeller',' Amonkhet',NULL,NULL),(112,'112','Trespasser\'s Curse','Enchantment — Aura Curse','1B','Common','David Palumbo',' Amonkhet',NULL,NULL),(113,'113','Trial of Ambition','Enchantment','1B','Uncommon','Johann Bodin',' Amonkhet',NULL,NULL),(114,'114','Unburden','Sorcery','1BB','Common','Svetlin Velinov',' Amonkhet',NULL,NULL),(115,'115','Wander in Death','Sorcery','2B','Common','Seb McKinnon',' Amonkhet',NULL,NULL),(116,'116','Wasteland Scorpion','Creature — Scorpion 2/2','2B','Common','Yeong-Hao Han',' Amonkhet',NULL,NULL),(117,'117','Ahn-Crop Crasher','Creature — Minotaur Warrior 3/2','2R','Uncommon','Seb McKinnon',' Amonkhet',NULL,NULL),(118,'118','Battlefield Scavenger','Creature — Jackal Rogue 2/2','1R','Uncommon','Dan Scott',' Amonkhet',NULL,NULL),(119,'119','Blazing Volley','Sorcery','R','Common','Zezhou Chen',' Amonkhet',NULL,NULL),(120,'120','Bloodlust Inciter','Creature — Human Warrior 1/1','R','Common','Anthony Palumbo',' Amonkhet',NULL,NULL),(121,'121','Bloodrage Brawler','Creature — Minotaur Warrior 4/3','1R','Uncommon','Lars Grant-West',' Amonkhet',NULL,NULL),(122,'122','Brute Strength','Instant','1R','Common','Nils Hamm',' Amonkhet',NULL,NULL),(123,'123','By Force','Sorcery','XR','Uncommon','Magali Villeneuve',' Amonkhet',NULL,NULL),(124,'124','Cartouche of Zeal','Enchantment — Aura Cartouche','R','Common','Kieran Yanner',' Amonkhet',NULL,NULL),(125,'125','Combat Celebrant','Creature — Human Warrior 4/1','2R','Mythic Rare','Chris Rallis',' Amonkhet',NULL,NULL),(126,'126','Consuming Fervor','Enchantment — Aura','R','Uncommon','Svetlin Velinov',' Amonkhet',NULL,NULL),(127,'127','Deem Worthy','Instant','4R','Uncommon','Lius Lasahido',' Amonkhet',NULL,NULL),(128,'128','Desert Cerodon','Creature — Beast 6/4','5R','Common','Igor Kieryluk',' Amonkhet',NULL,NULL),(129,'129','Electrify','Instant','3R','Common','Craig J Spearing',' Amonkhet',NULL,NULL),(130,'130','Emberhorn Minotaur','Creature — Minotaur Warrior 4/3','3R','Common','Viktor Titov',' Amonkhet',NULL,NULL),(131,'131','Flameblade Adept','Creature — Jackal Warrior 1/2','R','Uncommon','Tomasz Jedruszek',' Amonkhet',NULL,NULL),(132,'132','Fling','Instant','1R','Common','Lucas Graciano',' Amonkhet',NULL,NULL),(133,'133','Glorious End','Instant','2R','Mythic Rare','Raymond Swanland',' Amonkhet',NULL,NULL),(134,'134','Glorybringer','Creature — Dragon 4/4','3RR','Rare','Sam Burley',' Amonkhet',NULL,NULL),(135,'135','Harsh Mentor','Creature — Human Cleric 2/2','1R','Rare','Shreya Shetty',' Amonkhet',NULL,NULL),(136,'136','Hazoret the Fervent','Legendary Creature — God 5/4','3R','Mythic Rare','Chase Stone',' Amonkhet',NULL,NULL),(137,'137','Hazoret\'s Favor','Enchantment','2R','Rare','Raymond Swanland',' Amonkhet',NULL,NULL),(138,'138','Heart-Piercer Manticore','Creature — Manticore 4/3','2RR','Rare','Scott Murphy',' Amonkhet',NULL,NULL),(139,'139','Hyena Pack','Creature — Hyena 3/4','2RR','Common','Winona Nelson',' Amonkhet',NULL,NULL),(140,'140','Limits of Solidarity','Sorcery','3R','Uncommon','Craig J Spearing',' Amonkhet',NULL,NULL),(141,'141','Magma Spray','Instant','R','Common','Svetlin Velinov',' Amonkhet',NULL,NULL),(142,'142','Manticore of the Gauntlet','Creature — Manticore 5/4','4R','Common','James Paick',' Amonkhet',NULL,NULL),(143,'143','Minotaur Sureshot','Creature — Minotaur Archer 2/3','2R','Common','Joseph Meehan',' Amonkhet',NULL,NULL),(144,'144','Nef-Crop Entangler','Creature — Human Warrior 2/1','1R','Common','Dan Scott',' Amonkhet',NULL,NULL),(145,'145','Nimble-Blade Khenra','Creature — Jackal Warrior 1/3','1R','Common','Tomasz Jedruszek',' Amonkhet',NULL,NULL),(146,'146','Pathmaker Initiate','Creature — Human Wizard 2/1','1R','Common','Josu Hernaiz',' Amonkhet',NULL,NULL),(147,'147','Pursue Glory','Instant','3R','Common','Johann Bodin',' Amonkhet',NULL,NULL),(148,'148','Soul-Scar Mage','Creature — Human Wizard 1/2','R','Rare','Steve Argyle',' Amonkhet',NULL,NULL),(149,'149','Sweltering Suns','Sorcery','1RR','Rare','Raymond Swanland',' Amonkhet',NULL,NULL),(150,'150','Thresher Lizard','Creature — Lizard 3/2','2R','Common','Craig J Spearing',' Amonkhet',NULL,NULL),(151,'151','Tormenting Voice','Sorcery','1R','Common','Allen Williams',' Amonkhet',NULL,NULL),(152,'152','Trial of Zeal','Enchantment','2R','Uncommon','Svetlin Velinov',' Amonkhet',NULL,NULL),(153,'153','Trueheart Twins','Creature — Jackal Warrior 4/4','4R','Uncommon','Matt Stewart',' Amonkhet',NULL,NULL),(154,'154','Violent Impact','Sorcery','3R','Common','Jason Rainville',' Amonkhet',NULL,NULL),(155,'155','Warfire Javelineer','Creature — Minotaur Warrior 2/3','3R','Uncommon','Yohann Schepacz',' Amonkhet',NULL,NULL),(156,'156','Benefaction of Rhonas','Sorcery','2G','Common','Tommy Arnold',' Amonkhet',NULL,NULL),(157,'157','Bitterblade Warrior','Creature — Jackal Warrior 2/2','1G','Common','Slawomir Maniak',' Amonkhet',NULL,NULL),(158,'158','Cartouche of Strength','Enchantment — Aura Cartouche','2G','Common','Kieran Yanner',' Amonkhet',NULL,NULL),(159,'159','Champion of Rhonas','Creature — Jackal Warrior 3/3','3G','Rare','Winona Nelson',' Amonkhet',NULL,NULL),(160,'160','Channeler Initiate','Creature — Human Druid 3/4','1G','Rare','Yongjae Choi',' Amonkhet',NULL,NULL),(161,'161','Colossapede','Creature — Insect 5/5','4G','Common','Jason Kang',' Amonkhet',NULL,NULL),(162,'162','Crocodile of the Crossing','Creature — Crocodile 5/4','3G','Uncommon','Kev Walker',' Amonkhet',NULL,NULL),(163,'163','Defiant Greatmaw','Creature — Hippo 4/5','2G','Uncommon','Deruchenko Alexander',' Amonkhet',NULL,NULL),(164,'164','Dissenter\'s Deliverance','Instant','1G','Common','Bastien L. Deharme',' Amonkhet',NULL,NULL),(165,'165','Exemplar of Strength','Creature — Human Warrior 4/4','1G','Uncommon','Sara Winters',' Amonkhet',NULL,NULL),(166,'166','Giant Spider','Creature — Spider 2/4','3G','Common','Aaron Miller',' Amonkhet',NULL,NULL),(167,'167','Gift of Paradise','Enchantment — Aura','2G','Common','Ryan Pancoast',' Amonkhet',NULL,NULL),(168,'168','Greater Sandwurm','Creature — Wurm 7/7','5GG','Common','Steven Belledin',' Amonkhet',NULL,NULL),(169,'169','Hapatra\'s Mark','Instant','G','Uncommon','Lindsey Look',' Amonkhet',NULL,NULL),(170,'170','Harvest Season','Sorcery','2G','Rare','Shreya Shetty',' Amonkhet',NULL,NULL),(171,'171','Haze of Pollen','Instant','1G','Common','Mark Zug',' Amonkhet',NULL,NULL),(172,'172','Honored Hydra','Creature — Snake Hydra 6/6','5G','Rare','Todd Lockwood',' Amonkhet',NULL,NULL),(173,'173','Hooded Brawler','Creature — Naga Warrior 3/2','2G','Common','Daarken',' Amonkhet',NULL,NULL),(174,'174','Initiate\'s Companion','Creature — Cat 3/1','1G','Common','Dan Scott',' Amonkhet',NULL,NULL),(175,'175','Manglehorn','Creature — Beast 2/2','2G','Uncommon','Lius Lasahido',' Amonkhet',NULL,NULL),(176,'176','Naga Vitalist','Creature — Naga Druid 1/2','1G','Common','James Ryman',' Amonkhet',NULL,NULL),(177,'177','Oashra Cultivator','Creature — Human Druid 0/3','G','Common','Sara Winters',' Amonkhet',NULL,NULL),(178,'178','Ornery Kudu','Creature — Antelope 3/4','2G','Common','Deruchenko Alexander',' Amonkhet',NULL,NULL),(179,'179','Pouncing Cheetah','Creature — Cat 3/2','2G','Common','Matt Stewart',' Amonkhet',NULL,NULL),(180,'180','Prowling Serpopard','Creature — Cat Snake 4/3','1GG','Rare','Tyler Jacobson',' Amonkhet',NULL,NULL),(181,'181','Quarry Hauler','Creature — Camel 4/3','3G','Common','David Gaillet',' Amonkhet',NULL,NULL),(182,'182','Rhonas the Indomitable','Legendary Creature — God 5/5','2G','Mythic Rare','Chase Stone',' Amonkhet',NULL,NULL),(183,'183','Sandwurm Convergence','Enchantment','6GG','Rare','Slawomir Maniak',' Amonkhet',NULL,NULL),(184,'184','Scaled Behemoth','Creature — Crocodile 6/7','4GG','Uncommon','Marco Nelor',' Amonkhet',NULL,NULL),(185,'185','Shed Weakness','Instant','G','Common','Christine Choi',' Amonkhet',NULL,NULL),(186,'186','Shefet Monitor','Creature — Lizard 6/5','5G','Uncommon','Viktor Titov',' Amonkhet',NULL,NULL),(187,'187','Sixth Sense','Enchantment — Aura','G','Uncommon','Zoltan Boros',' Amonkhet',NULL,NULL),(188,'188','Spidery Grasp','Instant','2G','Common','Dan Scott',' Amonkhet',NULL,NULL),(189,'189','Stinging Shot','Instant','G','Common','Scott Murphy',' Amonkhet',NULL,NULL),(190,'190','Synchronized Strike','Instant','2G','Uncommon','David Palumbo',' Amonkhet',NULL,NULL),(191,'191','Trial of Strength','Enchantment','2G','Uncommon','Kieran Yanner',' Amonkhet',NULL,NULL),(192,'192','Vizier of the Menagerie','Creature — Naga Cleric 3/4','3G','Mythic Rare','Victor Adame Minguez',' Amonkhet',NULL,NULL),(193,'193','Watchful Naga','Creature — Naga Wizard 2/2','2G','Uncommon','Anastasia Ovchinnikova',' Amonkhet',NULL,NULL),(194,'194','Ahn-Crop Champion','Creature — Human Warrior 4/4','2WG','Uncommon','Craig J Spearing',' Amonkhet',NULL,NULL),(195,'195','Aven Wind Guide','Creature — Bird Warrior 2/3','2WU','Uncommon','Sidharth Chaturvedi',' Amonkhet',NULL,NULL),(196,'196','Bounty of the Luxa','Enchantment','2UG','Rare','Jonas De Ro',' Amonkhet',NULL,NULL),(197,'197','Decimator Beetle','Creature — Insect 4/5','3BG','Uncommon','Adrian Majkrzak',' Amonkhet',NULL,NULL),(198,'198','Enigma Drake','Creature — Drake */4','1UR','Uncommon','Steve Argyle',' Amonkhet',NULL,NULL),(199,'199','Hapatra, Vizier of Poisons','Legendary Creature — Human Cleric 2/2','BG','Rare','Tyler Jacobson',' Amonkhet',NULL,NULL),(200,'200','Honored Crop-Captain','Creature — Human Warrior 3/2','WR','Uncommon','Sara Winters',' Amonkhet',NULL,NULL),(201,'201','Khenra Charioteer','Creature — Jackal Warrior 3/3','1RG','Uncommon','Chris Rallis',' Amonkhet',NULL,NULL),(202,'202','Merciless Javelineer','Creature — Minotaur Warrior 4/2','2BR','Uncommon','Nils Hamm',' Amonkhet',NULL,NULL),(203,'203','Neheb, the Worthy','Legendary Creature — Minotaur Warrior 2/2','1BR','Rare','Chris Rahn',' Amonkhet',NULL,NULL),(204,'204','Nissa, Steward of Elements','Planeswalker — Nissa','XUG','Mythic Rare','Howard Lyon',' Amonkhet',NULL,NULL),(205,'205','Samut, Voice of Dissent','Legendary Creature — Human Warrior 3/4','3RG','Mythic Rare','Aleksi Briclot',' Amonkhet',NULL,NULL),(206,'206','Shadowstorm Vizier','Creature — Human Cleric 1/3','UB','Uncommon','Yongjae Choi',' Amonkhet',NULL,NULL),(207,'207','Temmet, Vizier of Naktamun','Legendary Creature — Human Cleric 2/2','WU','Rare','Anna Steinbauer',' Amonkhet',NULL,NULL),(208,'208','Wayward Servant','Creature — Zombie 2/2','WB','Uncommon','Anthony Palumbo',' Amonkhet',NULL,NULL),(209,'209','Weaver of Currents','Creature — Naga Druid 2/2','1UG','Uncommon','Winona Nelson',' Amonkhet',NULL,NULL),(210,'210a','Dusk (Dusk/Dawn)','Sorcery','2WW','Rare','Noah Bradley',' Amonkhet',NULL,NULL),(211,'211a','Commit (Commit/Memory)','Instant','3U','Rare','Ryan Alexander Lee',' Amonkhet',NULL,NULL),(212,'212a','Never (Never/Return)','Sorcery','1BB','Rare','Daarken',' Amonkhet',NULL,NULL),(213,'213a','Insult (Insult/Injury)','Sorcery','2R','Rare','Lucas Graciano',' Amonkhet',NULL,NULL),(214,'214a','Mouth (Mouth/Feed)','Sorcery','2G','Rare','Zack Stella',' Amonkhet',NULL,NULL),(215,'215a','Start (Start/Finish)','Instant','2W','Uncommon','Magali Villeneuve',' Amonkhet',NULL,NULL),(216,'216a','Reduce (Reduce/Rubble)','Instant','2U','Uncommon','Eric Deschamps',' Amonkhet',NULL,NULL),(217,'217a','Destined (Destined/Lead)','Instant','1B','Uncommon','Magali Villeneuve',' Amonkhet',NULL,NULL),(218,'218a','Onward (Onward/Victory)','Instant','2R','Uncommon','Grzegorz Rutkowski',' Amonkhet',NULL,NULL),(219,'219a','Spring (Spring/Mind)','Sorcery','2G','Uncommon','Josu Hernaiz',' Amonkhet',NULL,NULL),(220,'220a','Prepare (Prepare/Fight)','Instant','1W','Rare','Zack Stella',' Amonkhet',NULL,NULL),(221,'221a','Failure (Failure/Comply)','Instant','1U','Rare','Jason A. Engle',' Amonkhet',NULL,NULL),(222,'222a','Rags (Rags/Riches)','Sorcery','2BB','Rare','Greg Opalinski',' Amonkhet',NULL,NULL),(223,'223a','Cut (Cut/Ribbons)','Sorcery','1R','Rare','Raymond Swanland',' Amonkhet',NULL,NULL),(224,'224a','Heaven (Heaven/Earth)','Instant','XG','Rare','Jonas De Ro',' Amonkhet',NULL,NULL),(225,'225','Bontu\'s Monument','Legendary Artifact','3','Uncommon','Jonas De Ro',' Amonkhet',NULL,NULL),(226,'226','Edifice of Authority','Artifact','3','Uncommon','Florian de Gesincourt',' Amonkhet',NULL,NULL),(227,'227','Embalmer\'s Tools','Artifact','2','Uncommon','Adrian Majkrzak',' Amonkhet',NULL,NULL),(228,'228','Gate to the Afterlife','Artifact','3','Uncommon','Christine Choi',' Amonkhet',NULL,NULL),(229,'229','Hazoret\'s Monument','Legendary Artifact','3','Uncommon','Richard Wright',' Amonkhet',NULL,NULL),(230,'230','Honed Khopesh','Artifact — Equipment','1','Common','Aaron Miller',' Amonkhet',NULL,NULL),(231,'231','Kefnet\'s Monument','Legendary Artifact','3','Uncommon','Titus Lunter',' Amonkhet',NULL,NULL),(232,'232','Luxa River Shrine','Artifact','3','Common','Sung Choi',' Amonkhet',NULL,NULL),(233,'233','Oketra\'s Monument','Legendary Artifact','3','Uncommon','Christine Choi',' Amonkhet',NULL,NULL),(234,'234','Oracle\'s Vault','Artifact','4','Rare','Jonas De Ro',' Amonkhet',NULL,NULL),(235,'235','Pyramid of the Pantheon','Artifact','1','Rare','Florian de Gesincourt',' Amonkhet',NULL,NULL),(236,'236','Rhonas\'s Monument','Legendary Artifact','3','Uncommon','Cliff Childs',' Amonkhet',NULL,NULL),(237,'237','Throne of the God-Pharaoh','Legendary Artifact','2','Rare','Titus Lunter',' Amonkhet',NULL,NULL),(238,'238','Watchers of the Dead','Artifact Creature — Cat 2/2','2','Uncommon','Joseph Meehan',' Amonkhet',NULL,NULL),(239,'239','Canyon Slough','Land — Swamp Mountain','','Rare','Titus Lunter',' Amonkhet',NULL,NULL),(240,'240','Cascading Cataracts','Land','','Rare','Noah Bradley',' Amonkhet',NULL,NULL),(241,'241','Cradle of the Accursed','Land — Desert','','Common','Noah Bradley',' Amonkhet',NULL,NULL),(242,'242','Evolving Wilds','Land','','Common','Christine Choi',' Amonkhet',NULL,NULL),(243,'243','Fetid Pools','Land — Island Swamp','','Rare','Jonas De Ro',' Amonkhet',NULL,NULL),(244,'244','Grasping Dunes','Land — Desert','','Uncommon','Daarken',' Amonkhet',NULL,NULL),(245,'245','Irrigated Farmland','Land — Plains Island','','Rare','Jonas De Ro',' Amonkhet',NULL,NULL),(246,'246','Painted Bluffs','Land — Desert','','Common','Mark Poole',' Amonkhet',NULL,NULL),(247,'247','Scattered Groves','Land — Forest Plains','','Rare','Christine Choi',' Amonkhet',NULL,NULL),(248,'248','Sheltered Thicket','Land — Mountain Forest','','Rare','Sung Choi',' Amonkhet',NULL,NULL),(249,'249','Sunscorched Desert','Land — Desert','','Common','Min Yum',' Amonkhet',NULL,NULL),(250,'250','Plains','Basic Land — Plains','','Land','Titus Lunter',' Amonkhet',NULL,NULL),(251,'251','Island','Basic Land — Island','','Land','Richard Wright',' Amonkhet',NULL,NULL),(252,'252','Swamp','Basic Land — Swamp','','Land','Clint Cearley',' Amonkhet',NULL,NULL),(253,'253','Mountain','Basic Land — Mountain','','Land','Florian de Gesincourt',' Amonkhet',NULL,NULL),(254,'254','Forest','Basic Land — Forest','','Land','Yeong-Hao Han',' Amonkhet',NULL,NULL),(255,'255','Plains','Basic Land — Plains','','Land','Volkan Baga',' Amonkhet',NULL,NULL),(256,'256','Plains','Basic Land — Plains','','Land','Jonas De Ro',' Amonkhet',NULL,NULL),(257,'257','Plains','Basic Land — Plains','','Land','Titus Lunter',' Amonkhet',NULL,NULL),(258,'258','Island','Basic Land — Island','','Land','Jonas De Ro',' Amonkhet',NULL,NULL),(259,'259','Island','Basic Land — Island','','Land','Titus Lunter',' Amonkhet',NULL,NULL),(260,'260','Island','Basic Land — Island','','Land','Mark Poole',' Amonkhet',NULL,NULL),(261,'261','Swamp','Basic Land — Swamp','','Land','Steven Belledin',' Amonkhet',NULL,NULL),(262,'262','Swamp','Basic Land — Swamp','','Land','Jonas De Ro',' Amonkhet',NULL,NULL),(263,'263','Swamp','Basic Land — Swamp','','Land','Titus Lunter',' Amonkhet',NULL,NULL),(264,'264','Mountain','Basic Land — Mountain','','Land','Jonas De Ro',' Amonkhet',NULL,NULL),(265,'265','Mountain','Basic Land — Mountain','','Land','Titus Lunter',' Amonkhet',NULL,NULL),(266,'266','Mountain','Basic Land — Mountain','','Land','Chris Rahn',' Amonkhet',NULL,NULL),(267,'267','Forest','Basic Land — Forest','','Land','Titus Lunter',' Amonkhet',NULL,NULL),(268,'268','Forest','Basic Land — Forest','','Land','Titus Lunter',' Amonkhet',NULL,NULL),(269,'269','Forest','Basic Land — Forest','','Land','Matt Stewart',' Amonkhet',NULL,NULL),(270,'270','Gideon, Martial Paragon','Planeswalker — Gideon (Loyalty: 5)','4W','Mythic Rare','Daarken',' Amonkhet',NULL,NULL),(271,'271','Companion of the Trials','Creature — Bird Soldier 2/2','2W','Uncommon','Aaron Miller',' Amonkhet',NULL,NULL),(272,'272','Gideon\'s Resolve','Enchantment','4W','Rare','Jakub Kasper',' Amonkhet',NULL,NULL),(273,'273','Graceful Cat','Creature — Cat 2/2','2W','Common','John Stanko',' Amonkhet',NULL,NULL),(274,'274','Stone Quarry','Land','','Common','Florian de Gesincourt',' Amonkhet',NULL,NULL),(275,'275','Liliana, Death Wielder','Planeswalker — Liliana (Loyalty: 5)','5BB','Mythic Rare','Clint Cearley',' Amonkhet',NULL,NULL),(276,'276','Desiccated Naga','Creature — Zombie Naga 3/2','2B','Uncommon','Svetlin Velinov',' Amonkhet',NULL,NULL),(277,'277','Liliana\'s Influence','Sorcery','4BB','Rare','Winona Nelson',' Amonkhet',NULL,NULL),(278,'278','Tattered Mummy','Creature — Zombie Jackal 1/2','1B','Common','Slawomir Maniak',' Amonkhet',NULL,NULL),(279,'279','Foul Orchard','Land','','Common','Mark Poole',' Amonkhet',NULL,NULL),(280,'280','Cinder Barrens','Land','','Common','Cliff Childs',' Amonkhet',NULL,NULL),(281,'281','Forsaken Sanctuary','Land','','Common','Vincent Proce',' Amonkhet',NULL,NULL),(282,'282','Highland Lake','Land','','Common','Florian de Gesincourt',' Amonkhet',NULL,NULL),(283,'283','Meandering River','Land','','Common','Cliff Childs',' Amonkhet',NULL,NULL),(284,'284','Submerged Boneyard','Land','','Common','Christine Choi',' Amonkhet',NULL,NULL),(285,'285','Timber Gorge','Land','','Common','Cliff Childs',' Amonkhet',NULL,NULL),(286,'286','Tranquil Expanse','Land','','Common','Sam Burley',' Amonkhet',NULL,NULL),(287,'287','Woodland Stream','Land','','Common','Efflam Mercier',' Amonkhet',NULL,NULL),(512,'1','Aerial Modification','Enchantment — Aura','4W','Uncommon','Jung Park',' Aether Revolt',NULL,NULL),(513,'2','Aeronaut Admiral','Creature — Human Pilot 3/1','3W','Uncommon','E. M. Gist',' Aether Revolt',NULL,NULL),(514,'3','Aether Inspector','Creature — Dwarf Artificer 2/3','3W','Common','Sidharth Chaturvedi',' Aether Revolt',NULL,NULL),(515,'4','Aethergeode Miner','Creature — Dwarf Scout 3/1','1W','Rare','Winona Nelson',' Aether Revolt',NULL,NULL),(516,'5','Airdrop Aeronauts','Creature — Dwarf Scout 4/3','3WW','Uncommon','Greg Opalinski',' Aether Revolt',NULL,NULL),(517,'6','Alley Evasion','Instant','W','Common','Scott Murphy',' Aether Revolt',NULL,NULL),(518,'7','Audacious Infiltrator','Creature — Dwarf Rogue 3/1','1W','Common','Jakub Kasper',' Aether Revolt',NULL,NULL),(519,'8','Bastion Enforcer','Creature — Dwarf Soldier 3/2','2W','Common','Matt Stewart',' Aether Revolt',NULL,NULL),(520,'9','Call for Unity','Enchantment','3WW','Rare','John Severin Brassell',' Aether Revolt',NULL,NULL),(521,'10','Caught in the Brights','Enchantment — Aura','2W','Common','Kieran Yanner',' Aether Revolt',NULL,NULL),(522,'11','Consulate Crackdown','Enchantment','3WW','Rare','Jonas De Ro',' Aether Revolt',NULL,NULL),(523,'12','Conviction','Enchantment — Aura','1W','Common','John Stanko',' Aether Revolt',NULL,NULL),(524,'13','Countless Gears Renegade','Creature — Dwarf Artificer 2/2','1W','Common','Dan Scott',' Aether Revolt',NULL,NULL),(525,'14','Dawnfeather Eagle','Creature — Bird 3/3','4W','Common','Sidharth Chaturvedi',' Aether Revolt',NULL,NULL),(526,'15','Deadeye Harpooner','Creature — Dwarf Warrior 2/2','2W','Uncommon','Ryan Pancoast',' Aether Revolt',NULL,NULL),(527,'16','Decommission','Instant','2W','Common','Josh Hass',' Aether Revolt',NULL,NULL),(528,'17','Deft Dismissal','Instant','3W','Uncommon','Izzy',' Aether Revolt',NULL,NULL),(529,'18','Exquisite Archangel','Creature — Angel 5/5','5WW','Mythic Rare','Brad Rigney',' Aether Revolt',NULL,NULL),(530,'19','Felidar Guardian','Creature — Cat Beast 1/4','3W','Uncommon','Jakub Kasper',' Aether Revolt',NULL,NULL),(531,'20','Ghirapur Osprey','Creature — Bird 2/2','2W','Common','Zezhou Chen',' Aether Revolt',NULL,NULL),(532,'21','Restoration Specialist','Creature — Dwarf Artificer 2/1','1W','Uncommon','David Palumbo',' Aether Revolt',NULL,NULL),(533,'22','Solemn Recruit','Creature — Dwarf Warrior 2/2','1WW','Rare','Eric Deschamps',' Aether Revolt',NULL,NULL),(534,'23','Sram, Senior Edificer','Legendary Creature — Dwarf Advisor 2/2','1W','Rare','Chris Rahn',' Aether Revolt',NULL,NULL),(535,'24','Sram\'s Expertise','Sorcery','2WW','Rare','Kieran Yanner',' Aether Revolt',NULL,NULL),(536,'25','Thopter Arrest','Enchantment','2W','Uncommon','Kieran Yanner',' Aether Revolt',NULL,NULL),(537,'26','Aether Swooper','Creature — Vedalken Artificer 1/2','1U','Common','James Ryman',' Aether Revolt',NULL,NULL),(538,'27','Aethertide Whale','Creature — Whale 6/4','4UU','Rare','Steven Belledin',' Aether Revolt',NULL,NULL),(539,'28','Baral, Chief of Compliance','Legendary Creature — Human Wizard 1/3','1U','Rare','Wesley Burt',' Aether Revolt',NULL,NULL),(540,'29','Baral\'s Expertise','Sorcery','3UU','Rare','Todd Lockwood',' Aether Revolt',NULL,NULL),(541,'30','Bastion Inventor','Creature — Vedalken Artificer 4/4','5U','Common','Tony Foti',' Aether Revolt',NULL,NULL),(542,'31','Disallow','Instant','1UU','Rare','Min Yum',' Aether Revolt',NULL,NULL),(543,'32','Dispersal Technician','Creature — Vedalken Artificer 3/2','4U','Common','Scott Murphy',' Aether Revolt',NULL,NULL),(544,'33','Efficient Construction','Enchantment','3U','Uncommon','Jonas De Ro',' Aether Revolt',NULL,NULL),(545,'34','Hinterland Drake','Creature — Drake 2/3','2U','Common','Lake Hurwitz',' Aether Revolt',NULL,NULL),(546,'35','Ice Over','Enchantment — Aura','1U','Common','Sidharth Chaturvedi',' Aether Revolt',NULL,NULL),(547,'36','Illusionist\'s Stratagem','Instant','3U','Uncommon','Svetlin Velinov',' Aether Revolt',NULL,NULL),(548,'37','Leave in the Dust','Instant','3U','Common','Vincent Proce',' Aether Revolt',NULL,NULL),(549,'38','Mechanized Production','Enchantment — Aura','2UU','Mythic Rare','Adam Paquette',' Aether Revolt',NULL,NULL),(550,'39','Metallic Rebuke','Instant','2U','Common','Eric Deschamps',' Aether Revolt',NULL,NULL),(551,'40','Negate','Instant','1U','Common','Zack Stella',' Aether Revolt',NULL,NULL),(552,'41','Quicksmith Spy','Creature — Human Artificer 2/3','3U','Rare','Ryan Alexander Lee',' Aether Revolt',NULL,NULL),(553,'42','Reverse Engineer','Sorcery','3UU','Uncommon','Chase Stone',' Aether Revolt',NULL,NULL),(554,'43','Salvage Scuttler','Creature — Crab 4/4','4U','Uncommon','Tony Foti',' Aether Revolt',NULL,NULL),(555,'44','Shielded Aether Thief','Creature — Vedalken Rogue 0/4','1U','Uncommon','Lake Hurwitz',' Aether Revolt',NULL,NULL),(556,'45','Shipwreck Moray','Creature — Fish 0/5','3U','Common','Mike Bierek',' Aether Revolt',NULL,NULL),(557,'46','Skyship Plunderer','Creature — Human Pirate 2/1','1U','Uncommon','Slawomir Maniak',' Aether Revolt',NULL,NULL),(558,'47','Take into Custody','Instant','U','Common','David Palumbo',' Aether Revolt',NULL,NULL),(559,'48','Trophy Mage','Creature — Human Wizard 2/2','2U','Uncommon','Anna Steinbauer',' Aether Revolt',NULL,NULL),(560,'49','Whir of Invention','Instant','XUUU','Rare','Christine Choi',' Aether Revolt',NULL,NULL),(561,'50','Wind-Kin Raiders','Creature — Human Artificer 4/3','4UU','Uncommon','Shreya Shetty',' Aether Revolt',NULL,NULL),(562,'51','Aether Poisoner','Creature — Human Artificer 1/1','1B','Common','Yongjae Choi',' Aether Revolt',NULL,NULL),(563,'52','Alley Strangler','Creature — Aetherborn Rogue 2/3','2B','Common','Efflam Mercier',' Aether Revolt',NULL,NULL),(564,'53','Battle at the Bridge','Sorcery','XB','Rare','Chris Rallis',' Aether Revolt',NULL,NULL),(565,'54','Cruel Finality','Instant','2B','Common','Svetlin Velinov',' Aether Revolt',NULL,NULL),(566,'55','Daring Demolition','Sorcery','2BB','Common','Svetlin Velinov',' Aether Revolt',NULL,NULL),(567,'56','Defiant Salvager','Creature — Aetherborn Artificer 2/2','2B','Common','Volkan Baga',' Aether Revolt',NULL,NULL),(568,'57','Fatal Push','Instant','B','Uncommon','Eric Deschamps',' Aether Revolt',NULL,NULL),(569,'58','Fen Hauler','Creature — Insect 5/5','6B','Common','Sidharth Chaturvedi',' Aether Revolt',NULL,NULL),(570,'59','Foundry Hornet','Creature — Insect 2/3','3B','Uncommon','Christopher Moeller',' Aether Revolt',NULL,NULL),(571,'60','Fourth Bridge Prowler','Creature — Human Rogue 1/1','B','Common','John Silva',' Aether Revolt',NULL,NULL),(572,'61','Gifted Aetherborn','Creature — Aetherborn Vampire 2/3','BB','Uncommon','Ryan Yee',' Aether Revolt',NULL,NULL),(573,'62','Glint-Sleeve Siphoner','Creature — Human Rogue 2/1','1B','Rare','Greg Opalinski',' Aether Revolt',NULL,NULL),(574,'63','Gonti\'s Machinations','Enchantment','B','Uncommon','Daarken',' Aether Revolt',NULL,NULL),(575,'64','Herald of Anguish','Creature — Demon 5/5','5BB','Mythic Rare','Vincent Proce',' Aether Revolt',NULL,NULL),(576,'65','Ironclad Revolutionary','Creature — Aetherborn Artificer 4/4','4BB','Uncommon','Eric Deschamps',' Aether Revolt',NULL,NULL),(577,'66','Midnight Entourage','Creature — Aetherborn Rogue 3/3','2BB','Rare','Lius Lasahido',' Aether Revolt',NULL,NULL),(578,'67','Night Market Aeronaut','Creature — Aetherborn Warrior 2/2','3B','Common','Tyler Jacobson',' Aether Revolt',NULL,NULL),(579,'68','Perilous Predicament','Instant','4B','Uncommon','Ryan Alexander Lee',' Aether Revolt',NULL,NULL),(580,'69','Renegade\'s Getaway','Instant','2B','Common','Ryan Yee',' Aether Revolt',NULL,NULL),(581,'70','Resourceful Return','Sorcery','1B','Common','Titus Lunter',' Aether Revolt',NULL,NULL),(582,'71','Secret Salvage','Sorcery','3BB','Rare','Tommy Arnold',' Aether Revolt',NULL,NULL),(583,'72','Sly Requisitioner','Creature — Human Artificer 2/2','4B','Uncommon','Dan Scott',' Aether Revolt',NULL,NULL),(584,'73','Vengeful Rebel','Creature — Aetherborn Warrior 3/2','2B','Uncommon','Tomasz Jedruszek',' Aether Revolt',NULL,NULL),(585,'74','Yahenni, Undying Partisan','Legendary Creature — Aetherborn Vampire 2/2','2B','Rare','Lius Lasahido',' Aether Revolt',NULL,NULL),(586,'75','Yahenni\'s Expertise','Sorcery','2BB','Rare','Daarken',' Aether Revolt',NULL,NULL),(587,'76','Aether Chaser','Creature — Human Artificer 2/1','1R','Common','Jason Rainville',' Aether Revolt',NULL,NULL),(588,'77','Chandra\'s Revolution','Sorcery','3R','Common','Clint Cearley',' Aether Revolt',NULL,NULL),(589,'78','Destructive Tampering','Sorcery','2R','Common','Titus Lunter',' Aether Revolt',NULL,NULL),(590,'79','Embraal Gear-Smasher','Creature — Human Warrior 2/3','2R','Common','Joseph Meehan',' Aether Revolt',NULL,NULL),(591,'80','Enraged Giant','Creature — Giant 4/4','5R','Uncommon','Anthony Palumbo',' Aether Revolt',NULL,NULL),(592,'81','Freejam Regent','Creature — Dragon 4/4','4RR','Rare','Volkan Baga',' Aether Revolt',NULL,NULL),(593,'82','Frontline Rebel','Creature — Human Warrior 3/3','2R','Common','Winona Nelson',' Aether Revolt',NULL,NULL),(594,'83','Gremlin Infestation','Enchantment — Aura','3R','Uncommon','Slawomir Maniak',' Aether Revolt',NULL,NULL),(595,'84','Hungry Flames','Instant','2R','Uncommon','Izzy',' Aether Revolt',NULL,NULL),(596,'85','Indomitable Creativity','Sorcery','XRRR','Mythic Rare','Deruchenko Alexander',' Aether Revolt',NULL,NULL),(597,'86','Invigorated Rampage','Instant','1R','Uncommon','Craig J Spearing',' Aether Revolt',NULL,NULL),(598,'87','Kari Zev, Skyship Raider','Legendary Creature — Human Pirate 1/3','1R','Rare','Brad Rigney',' Aether Revolt',NULL,NULL),(599,'88','Kari Zev\'s Expertise','Sorcery','1RR','Rare','Jason Rainville',' Aether Revolt',NULL,NULL),(600,'89','Lathnu Sailback','Creature — Lizard 5/4','4R','Common','Christopher Burdett',' Aether Revolt',NULL,NULL),(601,'90','Lightning Runner','Creature — Human Warrior 2/2','3RR','Mythic Rare','Raymond Swanland',' Aether Revolt',NULL,NULL),(602,'91','Pia\'s Revolution','Enchantment','2R','Rare','Clint Cearley',' Aether Revolt',NULL,NULL),(603,'92','Precise Strike','Instant','R','Common','Tyler Jacobson',' Aether Revolt',NULL,NULL),(604,'93','Quicksmith Rebel','Creature — Human Artificer 3/2','3R','Rare','Kieran Yanner',' Aether Revolt',NULL,NULL),(605,'94','Ravenous Intruder','Creature — Gremlin 1/2','1R','Uncommon','Mathias Kollros',' Aether Revolt',NULL,NULL),(606,'95','Reckless Racer','Creature — Human Pilot 2/3','2R','Uncommon','Viktor Titov',' Aether Revolt',NULL,NULL),(607,'96','Release the Gremlins','Sorcery','XXR','Rare','Izzy',' Aether Revolt',NULL,NULL),(608,'97','Scrapper Champion','Creature — Human Artificer 2/2','3R','Uncommon','Magali Villeneuve',' Aether Revolt',NULL,NULL),(609,'98','Shock','Instant','R','Common','Jason Rainville',' Aether Revolt',NULL,NULL),(610,'99','Siege Modification','Enchantment — Aura','1RR','Uncommon','Sung Choi',' Aether Revolt',NULL,NULL),(611,'100','Sweatworks Brawler','Creature — Human Artificer 3/3','3R','Common','Zack Stella',' Aether Revolt',NULL,NULL),(612,'101','Wrangle','Sorcery','1R','Common','Jason Rainville',' Aether Revolt',NULL,NULL),(613,'102','Aether Herder','Creature — Elf Artificer Druid 3/3','3G','Common','Victor Adame Minguez',' Aether Revolt',NULL,NULL),(614,'103','Aetherstream Leopard','Creature — Cat 2/3','2G','Common','Winona Nelson',' Aether Revolt',NULL,NULL),(615,'104','Aetherwind Basker','Creature — Lizard 7/7','4GGG','Mythic Rare','Svetlin Velinov',' Aether Revolt',NULL,NULL),(616,'105','Aid from the Cowl','Enchantment','3GG','Rare','Viktor Titov',' Aether Revolt',NULL,NULL),(617,'106','Druid of the Cowl','Creature — Elf Druid 1/3','1G','Common','Magali Villeneuve',' Aether Revolt',NULL,NULL),(618,'107','Greenbelt Rampager','Creature — Elephant 3/4','G','Rare','Filip Burburan',' Aether Revolt',NULL,NULL),(619,'108','Greenwheel Liberator','Creature — Elf Warrior 2/1','1G','Rare','Todd Lockwood',' Aether Revolt',NULL,NULL),(620,'109','Heroic Intervention','Instant','1G','Rare','James Ryman',' Aether Revolt',NULL,NULL),(621,'110','Hidden Herbalists','Creature — Human Druid 2/2','1G','Uncommon','Bastien L. Deharme',' Aether Revolt',NULL,NULL),(622,'111','Highspire Infusion','Instant','1G','Common','Anna Steinbauer',' Aether Revolt',NULL,NULL),(623,'112','Lifecraft Awakening','Instant','XG','Uncommon','Raoul Vitale',' Aether Revolt',NULL,NULL),(624,'113','Lifecraft Cavalry','Creature — Elf Warrior 4/4','4G','Common','Svetlin Velinov',' Aether Revolt',NULL,NULL),(625,'114','Lifecrafter\'s Gift','Instant','3G','Uncommon','Winona Nelson',' Aether Revolt',NULL,NULL),(626,'115','Maulfist Revolutionary','Creature — Human Warrior 3/3','1GG','Uncommon','Scott Murphy',' Aether Revolt',NULL,NULL),(627,'116','Monstrous Onslaught','Sorcery','3GG','Uncommon','Slawomir Maniak',' Aether Revolt',NULL,NULL),(628,'117','Narnam Renegade','Creature — Elf Warrior 1/2','G','Uncommon','Greg Opalinski',' Aether Revolt',NULL,NULL),(629,'118','Natural Obsolescence','Instant','1G','Common','Eytan Zana',' Aether Revolt',NULL,NULL),(630,'119','Peema Aether-Seer','Creature — Elf Druid 3/2','3G','Uncommon','Howard Lyon',' Aether Revolt',NULL,NULL),(631,'120','Prey Upon','Sorcery','G','Common','Ryan Pancoast',' Aether Revolt',NULL,NULL),(632,'121','Ridgescale Tusker','Creature — Beast 5/5','3GG','Uncommon','Winona Nelson',' Aether Revolt',NULL,NULL),(633,'122','Rishkar, Peema Renegade','Legendary Creature — Elf Druid 2/2','2G','Rare','Todd Lockwood',' Aether Revolt',NULL,NULL),(634,'123','Rishkar\'s Expertise','Sorcery','4GG','Rare','Magali Villeneuve',' Aether Revolt',NULL,NULL),(635,'124','Scrounging Bandar','Creature — Cat Monkey 0/0','1G','Common','Shreya Shetty',' Aether Revolt',NULL,NULL),(636,'125','Silkweaver Elite','Creature — Elf Archer 2/2','2G','Common','Magali Villeneuve',' Aether Revolt',NULL,NULL),(637,'126','Unbridled Growth','Enchantment — Aura','G','Common','Ryan Pancoast',' Aether Revolt',NULL,NULL),(638,'127','Ajani Unyielding','Planeswalker — Ajani (Loyalty: 4)','4WG','Mythic Rare','Kieran Yanner',' Aether Revolt',NULL,NULL),(639,'128','Dark Intimations','Sorcery','2UBR','Rare','Chase Stone',' Aether Revolt',NULL,NULL),(640,'129','Hidden Stockpile','Enchantment','WB','Uncommon','Darek Zabrocki',' Aether Revolt',NULL,NULL),(641,'130','Maverick Thopterist','Creature — Human Artificer 2/2','3UR','Uncommon','Zack Stella',' Aether Revolt',NULL,NULL),(642,'131','Oath of Ajani','Legendary Enchantment','WG','Rare','Wesley Burt',' Aether Revolt',NULL,NULL),(643,'132','Outland Boar','Creature — Boar 4/4','2RG','Uncommon','Winona Nelson',' Aether Revolt',NULL,NULL),(644,'133','Renegade Rallier','Creature — Human Warrior 3/2','1WG','Uncommon','Kieran Yanner',' Aether Revolt',NULL,NULL),(645,'134','Renegade Wheelsmith','Creature — Dwarf Pilot 3/2','1WR','Uncommon','Darek Zabrocki',' Aether Revolt',NULL,NULL),(646,'135','Rogue Refiner','Creature — Human Rogue 3/2','1UG','Uncommon','Victor Adame Minguez',' Aether Revolt',NULL,NULL),(647,'136','Spire Patrol','Creature — Human Soldier 3/2','2WU','Uncommon','Dan Scott',' Aether Revolt',NULL,NULL),(648,'137','Tezzeret the Schemer','Planeswalker — Tezzeret (Loyalty: 5)','2UB','Mythic Rare','Ryan Alexander Lee',' Aether Revolt',NULL,NULL),(649,'138','Tezzeret\'s Touch','Enchantment — Aura','1UB','Uncommon','Chris Rallis',' Aether Revolt',NULL,NULL),(650,'139','Weldfast Engineer','Creature — Human Artificer 3/3','1BR','Uncommon','Sara Winters',' Aether Revolt',NULL,NULL),(651,'140','Winding Constrictor','Creature — Snake 2/3','BG','Uncommon','Izzy',' Aether Revolt',NULL,NULL),(652,'141','Aegis Automaton','Artifact Creature — Construct 0/3','2','Common','Kieran Yanner',' Aether Revolt',NULL,NULL),(653,'142','Aethersphere Harvester','Artifact — Vehicle 3/5','3','Rare','Christine Choi',' Aether Revolt',NULL,NULL),(654,'143','Augmenting Automaton','Artifact Creature — Construct 1/1','1','Common','Jason Rainville',' Aether Revolt',NULL,NULL),(655,'144','Barricade Breaker','Artifact Creature — Juggernaut 7/5','7','Uncommon','Karl Kopinski',' Aether Revolt',NULL,NULL),(656,'145','Cogwork Assembler','Artifact Creature — Assembly-Worker 2/3','3','Uncommon','Joseph Meehan',' Aether Revolt',NULL,NULL),(657,'146','Consulate Dreadnought','Artifact — Vehicle 7/11','1','Uncommon','Cliff Childs',' Aether Revolt',NULL,NULL),(658,'147','Consulate Turret','Artifact','3','Common','Eric Deschamps',' Aether Revolt',NULL,NULL),(659,'148','Crackdown Construct','Artifact Creature — Construct 2/2','4','Uncommon','Johannes Voss',' Aether Revolt',NULL,NULL),(660,'149','Daredevil Dragster','Artifact — Vehicle 4/4','3','Uncommon','Titus Lunter',' Aether Revolt',NULL,NULL),(661,'150','Filigree Crawler','Artifact Creature — Insect 2/2','4','Common','James Paick',' Aether Revolt',NULL,NULL),(662,'151','Foundry Assembler','Artifact Creature — Assembly-Worker 3/3','5','Common','Karl Kopinski',' Aether Revolt',NULL,NULL),(663,'152','Gonti\'s Aether Heart','Legendary Artifact','6','Mythic Rare','Vincent Proce',' Aether Revolt',NULL,NULL),(664,'153','Heart of Kiran','Legendary Artifact — Vehicle 4/4','2','Mythic Rare','Jaime Jones',' Aether Revolt',NULL,NULL),(665,'154','Hope of Ghirapur','Legendary Artifact Creature — Thopter 1/1','1','Rare','Lius Lasahido',' Aether Revolt',NULL,NULL),(666,'155','Implement of Combustion','Artifact','1','Common','Efflam Mercier',' Aether Revolt',NULL,NULL),(667,'156','Implement of Examination','Artifact','3','Common','Darek Zabrocki',' Aether Revolt',NULL,NULL),(668,'157','Implement of Ferocity','Artifact','1','Common','Jason Kang',' Aether Revolt',NULL,NULL),(669,'158','Implement of Improvement','Artifact','1','Common','Kieran Yanner',' Aether Revolt',NULL,NULL),(670,'159','Implement of Malice','Artifact','2','Common','Titus Lunter',' Aether Revolt',NULL,NULL),(671,'160','Inspiring Statuary','Artifact','3','Rare','Kirsten Zirngibl',' Aether Revolt',NULL,NULL),(672,'161','Irontread Crusher','Artifact — Vehicle 6/6','4','Common','Jason A. Engle',' Aether Revolt',NULL,NULL),(673,'162','Lifecrafter\'s Bestiary','Artifact','3','Rare','Izzy',' Aether Revolt',NULL,NULL),(674,'163','Merchant\'s Dockhand','Artifact Creature — Construct 1/2','1','Rare','Christine Choi',' Aether Revolt',NULL,NULL),(675,'164','Metallic Mimic','Artifact Creature — Shapeshifter 2/1','2','Rare','Zack Stella',' Aether Revolt',NULL,NULL),(676,'165','Mobile Garrison','Artifact — Vehicle 3/4','3','Common','Cliff Childs',' Aether Revolt',NULL,NULL),(677,'166','Night Market Guard','Artifact Creature — Construct 3/1','3','Common','Steve Argyle',' Aether Revolt',NULL,NULL),(678,'167','Ornithopter','Artifact Creature — Thopter 0/2','0','Uncommon','Mathias Kollros',' Aether Revolt',NULL,NULL),(679,'168','Pacification Array','Artifact','1','Uncommon','Joseph Meehan',' Aether Revolt',NULL,NULL),(680,'169','Paradox Engine','Legendary Artifact','5','Mythic Rare','Christine Choi',' Aether Revolt',NULL,NULL),(681,'170','Peacewalker Colossus','Artifact — Vehicle 6/6','3','Rare','Vincent Proce',' Aether Revolt',NULL,NULL),(682,'171','Planar Bridge','Legendary Artifact','6','Mythic Rare','Chase Stone',' Aether Revolt',NULL,NULL),(683,'172','Prizefighter Construct','Artifact Creature — Construct 6/2','5','Common','Daniel Ljunggren',' Aether Revolt',NULL,NULL),(684,'173','Renegade Map','Artifact','1','Common','Lake Hurwitz',' Aether Revolt',NULL,NULL),(685,'174','Reservoir Walker','Artifact Creature — Construct 3/3','5','Common','Johann Bodin',' Aether Revolt',NULL,NULL),(686,'175','Scrap Trawler','Artifact Creature — Construct 3/2','3','Rare','Daarken',' Aether Revolt',NULL,NULL),(687,'176','Servo Schematic','Artifact','2','Uncommon','Titus Lunter',' Aether Revolt',NULL,NULL),(688,'177','Treasure Keeper','Artifact Creature — Construct 3/3','4','Uncommon','James Paick',' Aether Revolt',NULL,NULL),(689,'178','Universal Solvent','Artifact','1','Common','Christopher Moeller',' Aether Revolt',NULL,NULL),(690,'179','Untethered Express','Artifact — Vehicle 4/4','4','Uncommon','James Ryman',' Aether Revolt',NULL,NULL),(691,'180','Verdant Automaton','Artifact Creature — Construct 1/2','2','Common','Ryan Alexander Lee',' Aether Revolt',NULL,NULL),(692,'181','Walking Ballista','Artifact Creature — Construct 0/0','XX','Rare','Daniel Ljunggren',' Aether Revolt',NULL,NULL),(693,'182','Watchful Automaton','Artifact Creature — Construct 2/2','3','Common','Eric Deschamps',' Aether Revolt',NULL,NULL),(694,'183','Welder Automaton','Artifact Creature — Construct 2/1','2','Common','Victor Adame Minguez',' Aether Revolt',NULL,NULL),(695,'184','Spire of Industry','Land','','Rare','John Avon',' Aether Revolt',NULL,NULL),(696,'185','Ajani, Valiant Protector','Planeswalker — Ajani (Loyalty: 4)','4WG','Mythic Rare','Anna Steinbauer',' Aether Revolt',NULL,NULL),(697,'186','Inspiring Roar','Sorcery','3W','Common','Chris Rahn',' Aether Revolt',NULL,NULL),(698,'187','Ajani\'s Comrade','Creature — Elf Soldier 2/2','1G','Uncommon','James Ryman',' Aether Revolt',NULL,NULL),(699,'188','Ajani\'s Aid','Enchantment','2WG','Rare','Terese Nielsen',' Aether Revolt',NULL,NULL),(700,'189','Tranquil Expanse','Land','','Common','Sam Burley',' Aether Revolt',NULL,NULL),(701,'190','Tezzeret, Master of Metal','Planeswalker — Tezzeret (Loyalty: 5)','4UB','Mythic Rare','Tyler Jacobson',' Aether Revolt',NULL,NULL),(702,'191','Tezzeret\'s Betrayal','Sorcery','3UB','Rare','Tyler Jacobson',' Aether Revolt',NULL,NULL),(703,'192','Pendulum of Patterns','Artifact','2','Common','Raoul Vitale',' Aether Revolt',NULL,NULL),(704,'193','Tezzeret\'s Simulacrum','Artifact Creature — Golem 2/3','3','Uncommon','Craig J Spearing',' Aether Revolt',NULL,NULL),(705,'194','Submerged Boneyard','Land','','Common','Christine Choi',' Aether Revolt',NULL,NULL),(706,'195','Aven Wind Guide','Creature — Bird Warrior 2/3','2WU','Uncommon','Sidharth Chaturvedi',' Amonkhet',NULL,NULL),(707,'196','Bounty of the Luxa','Enchantment','2UG','Rare','Jonas De Ro',' Amonkhet',NULL,NULL),(708,'197','Decimator Beetle','Creature — Insect 4/5','3BG','Uncommon','Adrian Majkrzak',' Amonkhet',NULL,NULL),(709,'198','Enigma Drake','Creature — Drake */4','1UR','Uncommon','Steve Argyle',' Amonkhet',NULL,NULL),(710,'199','Hapatra, Vizier of Poisons','Legendary Creature — Human Cleric 2/2','BG','Rare','Tyler Jacobson',' Amonkhet',NULL,NULL),(711,'200','Honored Crop-Captain','Creature — Human Warrior 3/2','WR','Uncommon','Sara Winters',' Amonkhet',NULL,NULL),(712,'201','Khenra Charioteer','Creature — Jackal Warrior 3/3','1RG','Uncommon','Chris Rallis',' Amonkhet',NULL,NULL),(713,'202','Merciless Javelineer','Creature — Minotaur Warrior 4/2','2BR','Uncommon','Nils Hamm',' Amonkhet',NULL,NULL),(714,'203','Neheb, the Worthy','Legendary Creature — Minotaur Warrior 2/2','1BR','Rare','Chris Rahn',' Amonkhet',NULL,NULL),(715,'204','Nissa, Steward of Elements','Planeswalker — Nissa','XUG','Mythic Rare','Howard Lyon',' Amonkhet',NULL,NULL),(716,'205','Samut, Voice of Dissent','Legendary Creature — Human Warrior 3/4','3RG','Mythic Rare','Aleksi Briclot',' Amonkhet',NULL,NULL),(717,'206','Shadowstorm Vizier','Creature — Human Cleric 1/3','UB','Uncommon','Yongjae Choi',' Amonkhet',NULL,NULL),(718,'207','Temmet, Vizier of Naktamun','Legendary Creature — Human Cleric 2/2','WU','Rare','Anna Steinbauer',' Amonkhet',NULL,NULL),(719,'208','Wayward Servant','Creature — Zombie 2/2','WB','Uncommon','Anthony Palumbo',' Amonkhet',NULL,NULL),(720,'209','Weaver of Currents','Creature — Naga Druid 2/2','1UG','Uncommon','Winona Nelson',' Amonkhet',NULL,NULL),(721,'210a','Dusk (Dusk/Dawn)','Sorcery','2WW','Rare','Noah Bradley',' Amonkhet',NULL,NULL),(722,'211a','Commit (Commit/Memory)','Instant','3U','Rare','Ryan Alexander Lee',' Amonkhet',NULL,NULL),(723,'212a','Never (Never/Return)','Sorcery','1BB','Rare','Daarken',' Amonkhet',NULL,NULL),(724,'213a','Insult (Insult/Injury)','Sorcery','2R','Rare','Lucas Graciano',' Amonkhet',NULL,NULL),(725,'214a','Mouth (Mouth/Feed)','Sorcery','2G','Rare','Zack Stella',' Amonkhet',NULL,NULL),(726,'215a','Start (Start/Finish)','Instant','2W','Uncommon','Magali Villeneuve',' Amonkhet',NULL,NULL),(727,'216a','Reduce (Reduce/Rubble)','Instant','2U','Uncommon','Eric Deschamps',' Amonkhet',NULL,NULL),(728,'217a','Destined (Destined/Lead)','Instant','1B','Uncommon','Magali Villeneuve',' Amonkhet',NULL,NULL),(729,'218a','Onward (Onward/Victory)','Instant','2R','Uncommon','Grzegorz Rutkowski',' Amonkhet',NULL,NULL),(730,'219a','Spring (Spring/Mind)','Sorcery','2G','Uncommon','Josu Hernaiz',' Amonkhet',NULL,NULL),(731,'220a','Prepare (Prepare/Fight)','Instant','1W','Rare','Zack Stella',' Amonkhet',NULL,NULL),(732,'221a','Failure (Failure/Comply)','Instant','1U','Rare','Jason A. Engle',' Amonkhet',NULL,NULL),(733,'222a','Rags (Rags/Riches)','Sorcery','2BB','Rare','Greg Opalinski',' Amonkhet',NULL,NULL),(734,'223a','Cut (Cut/Ribbons)','Sorcery','1R','Rare','Raymond Swanland',' Amonkhet',NULL,NULL),(735,'224a','Heaven (Heaven/Earth)','Instant','XG','Rare','Jonas De Ro',' Amonkhet',NULL,NULL),(736,'225','Bontu\'s Monument','Legendary Artifact','3','Uncommon','Jonas De Ro',' Amonkhet',NULL,NULL),(737,'226','Edifice of Authority','Artifact','3','Uncommon','Florian de Gesincourt',' Amonkhet',NULL,NULL),(738,'227','Embalmer\'s Tools','Artifact','2','Uncommon','Adrian Majkrzak',' Amonkhet',NULL,NULL),(739,'228','Gate to the Afterlife','Artifact','3','Uncommon','Christine Choi',' Amonkhet',NULL,NULL),(740,'229','Hazoret\'s Monument','Legendary Artifact','3','Uncommon','Richard Wright',' Amonkhet',NULL,NULL),(741,'230','Honed Khopesh','Artifact — Equipment','1','Common','Aaron Miller',' Amonkhet',NULL,NULL),(742,'231','Kefnet\'s Monument','Legendary Artifact','3','Uncommon','Titus Lunter',' Amonkhet',NULL,NULL),(743,'232','Luxa River Shrine','Artifact','3','Common','Sung Choi',' Amonkhet',NULL,NULL),(744,'233','Oketra\'s Monument','Legendary Artifact','3','Uncommon','Christine Choi',' Amonkhet',NULL,NULL),(745,'234','Oracle\'s Vault','Artifact','4','Rare','Jonas De Ro',' Amonkhet',NULL,NULL),(746,'235','Pyramid of the Pantheon','Artifact','1','Rare','Florian de Gesincourt',' Amonkhet',NULL,NULL),(747,'236','Rhonas\'s Monument','Legendary Artifact','3','Uncommon','Cliff Childs',' Amonkhet',NULL,NULL),(748,'237','Throne of the God-Pharaoh','Legendary Artifact','2','Rare','Titus Lunter',' Amonkhet',NULL,NULL),(749,'238','Watchers of the Dead','Artifact Creature — Cat 2/2','2','Uncommon','Joseph Meehan',' Amonkhet',NULL,NULL),(750,'239','Canyon Slough','Land — Swamp Mountain','','Rare','Titus Lunter',' Amonkhet',NULL,NULL),(751,'240','Cascading Cataracts','Land','','Rare','Noah Bradley',' Amonkhet',NULL,NULL),(752,'241','Cradle of the Accursed','Land — Desert','','Common','Noah Bradley',' Amonkhet',NULL,NULL),(753,'242','Evolving Wilds','Land','','Common','Christine Choi',' Amonkhet',NULL,NULL),(754,'243','Fetid Pools','Land — Island Swamp','','Rare','Jonas De Ro',' Amonkhet',NULL,NULL),(755,'244','Grasping Dunes','Land — Desert','','Uncommon','Daarken',' Amonkhet',NULL,NULL),(756,'245','Irrigated Farmland','Land — Plains Island','','Rare','Jonas De Ro',' Amonkhet',NULL,NULL),(757,'246','Painted Bluffs','Land — Desert','','Common','Mark Poole',' Amonkhet',NULL,NULL),(758,'247','Scattered Groves','Land — Forest Plains','','Rare','Christine Choi',' Amonkhet',NULL,NULL),(759,'248','Sheltered Thicket','Land — Mountain Forest','','Rare','Sung Choi',' Amonkhet',NULL,NULL),(760,'249','Sunscorched Desert','Land — Desert','','Common','Min Yum',' Amonkhet',NULL,NULL),(761,'250','Plains','Basic Land — Plains','','Land','Titus Lunter',' Amonkhet',NULL,NULL),(762,'251','Island','Basic Land — Island','','Land','Richard Wright',' Amonkhet',NULL,NULL),(763,'252','Swamp','Basic Land — Swamp','','Land','Clint Cearley',' Amonkhet',NULL,NULL),(764,'253','Mountain','Basic Land — Mountain','','Land','Florian de Gesincourt',' Amonkhet',NULL,NULL),(765,'254','Forest','Basic Land — Forest','','Land','Yeong-Hao Han',' Amonkhet',NULL,NULL),(766,'255','Plains','Basic Land — Plains','','Land','Volkan Baga',' Amonkhet',NULL,NULL),(767,'256','Plains','Basic Land — Plains','','Land','Jonas De Ro',' Amonkhet',NULL,NULL),(768,'257','Plains','Basic Land — Plains','','Land','Titus Lunter',' Amonkhet',NULL,NULL),(769,'258','Island','Basic Land — Island','','Land','Jonas De Ro',' Amonkhet',NULL,NULL),(770,'259','Island','Basic Land — Island','','Land','Titus Lunter',' Amonkhet',NULL,NULL),(771,'260','Island','Basic Land — Island','','Land','Mark Poole',' Amonkhet',NULL,NULL),(772,'261','Swamp','Basic Land — Swamp','','Land','Steven Belledin',' Amonkhet',NULL,NULL),(773,'262','Swamp','Basic Land — Swamp','','Land','Jonas De Ro',' Amonkhet',NULL,NULL),(774,'263','Swamp','Basic Land — Swamp','','Land','Titus Lunter',' Amonkhet',NULL,NULL),(775,'264','Mountain','Basic Land — Mountain','','Land','Jonas De Ro',' Amonkhet',NULL,NULL),(776,'265','Mountain','Basic Land — Mountain','','Land','Titus Lunter',' Amonkhet',NULL,NULL),(777,'266','Mountain','Basic Land — Mountain','','Land','Chris Rahn',' Amonkhet',NULL,NULL),(778,'267','Forest','Basic Land — Forest','','Land','Titus Lunter',' Amonkhet',NULL,NULL),(779,'268','Forest','Basic Land — Forest','','Land','Titus Lunter',' Amonkhet',NULL,NULL),(780,'269','Forest','Basic Land — Forest','','Land','Matt Stewart',' Amonkhet',NULL,NULL),(781,'270','Gideon, Martial Paragon','Planeswalker — Gideon (Loyalty: 5)','4W','Mythic Rare','Daarken',' Amonkhet',NULL,NULL),(782,'271','Companion of the Trials','Creature — Bird Soldier 2/2','2W','Uncommon','Aaron Miller',' Amonkhet',NULL,NULL),(783,'272','Gideon\'s Resolve','Enchantment','4W','Rare','Jakub Kasper',' Amonkhet',NULL,NULL),(784,'273','Graceful Cat','Creature — Cat 2/2','2W','Common','John Stanko',' Amonkhet',NULL,NULL),(785,'274','Stone Quarry','Land','','Common','Florian de Gesincourt',' Amonkhet',NULL,NULL),(786,'275','Liliana, Death Wielder','Planeswalker — Liliana (Loyalty: 5)','5BB','Mythic Rare','Clint Cearley',' Amonkhet',NULL,NULL),(787,'276','Desiccated Naga','Creature — Zombie Naga 3/2','2B','Uncommon','Svetlin Velinov',' Amonkhet',NULL,NULL),(788,'277','Liliana\'s Influence','Sorcery','4BB','Rare','Winona Nelson',' Amonkhet',NULL,NULL),(789,'278','Tattered Mummy','Creature — Zombie Jackal 1/2','1B','Common','Slawomir Maniak',' Amonkhet',NULL,NULL),(790,'279','Foul Orchard','Land','','Common','Mark Poole',' Amonkhet',NULL,NULL),(791,'280','Cinder Barrens','Land','','Common','Cliff Childs',' Amonkhet',NULL,NULL),(792,'281','Forsaken Sanctuary','Land','','Common','Vincent Proce',' Amonkhet',NULL,NULL),(793,'282','Highland Lake','Land','','Common','Florian de Gesincourt',' Amonkhet',NULL,NULL),(794,'283','Meandering River','Land','','Common','Cliff Childs',' Amonkhet',NULL,NULL),(795,'284','Submerged Boneyard','Land','','Common','Christine Choi',' Amonkhet',NULL,NULL),(796,'285','Timber Gorge','Land','','Common','Cliff Childs',' Amonkhet',NULL,NULL),(797,'286','Tranquil Expanse','Land','','Common','Sam Burley',' Amonkhet',NULL,NULL),(798,'287','Woodland Stream','Land','','Common','Efflam Mercier',' Amonkhet',NULL,NULL);

/*Table structure for table `ediciones` */

DROP TABLE IF EXISTS `ediciones`;

CREATE TABLE `ediciones` (
  `EDN_ID` bigint(20) NOT NULL AUTO_INCREMENT,
  `EDN_NOMBRE` varchar(255) DEFAULT NULL,
  `EDN_BLOQUE` varchar(255) DEFAULT NULL,
  PRIMARY KEY (`EDN_ID`)
) ENGINE=InnoDB DEFAULT CHARSET=latin1;

/*Data for the table `ediciones` */

/*Table structure for table `eventos` */

DROP TABLE IF EXISTS `eventos`;

CREATE TABLE `eventos` (
  `EVN_ID` bigint(20) NOT NULL AUTO_INCREMENT,
  `EVN_NOMBRE` varchar(255) DEFAULT NULL,
  `EVN_FECHA` date DEFAULT NULL,
  `FTO_ID` bigint(20) DEFAULT NULL,
  `TND_ID` bigint(20) DEFAULT NULL,
  PRIMARY KEY (`EVN_ID`),
  KEY `FTO_ID` (`FTO_ID`),
  KEY `TND_ID` (`TND_ID`),
  CONSTRAINT `eventos_ibfk_1` FOREIGN KEY (`FTO_ID`) REFERENCES `formatos` (`FTO_ID`),
  CONSTRAINT `eventos_ibfk_2` FOREIGN KEY (`TND_ID`) REFERENCES `tiendas` (`TND_ID`)
) ENGINE=InnoDB AUTO_INCREMENT=6 DEFAULT CHARSET=latin1;

/*Data for the table `eventos` */

insert  into `eventos`(`EVN_ID`,`EVN_NOMBRE`,`EVN_FECHA`,`FTO_ID`,`TND_ID`) values (1,'Daily Forja','2017-05-01',2,1),(2,'Daily Forja','2017-05-01',1,1),(3,'Daily Forja','2017-05-22',2,1),(4,'Daily Forja','2017-05-22',2,1),(5,'Daily Forja','2017-05-22',2,1);

/*Table structure for table `eventos_mazos` */

DROP TABLE IF EXISTS `eventos_mazos`;

CREATE TABLE `eventos_mazos` (
  `EVM_ID` bigint(20) NOT NULL AUTO_INCREMENT,
  `EVN_ID` bigint(20) DEFAULT NULL,
  `JGD_ID` bigint(20) DEFAULT NULL,
  `MAZ_ID` bigint(20) DEFAULT NULL,
  `EVM_NOMBRE_MAZO` varchar(255) DEFAULT NULL,
  PRIMARY KEY (`EVM_ID`),
  KEY `EVN_ID` (`EVN_ID`),
  KEY `JGD_ID` (`JGD_ID`),
  KEY `MAZ_ID` (`MAZ_ID`),
  CONSTRAINT `eventos_mazos_ibfk_1` FOREIGN KEY (`EVN_ID`) REFERENCES `eventos` (`EVN_ID`),
  CONSTRAINT `eventos_mazos_ibfk_2` FOREIGN KEY (`JGD_ID`) REFERENCES `jugadores` (`JGD_ID`),
  CONSTRAINT `eventos_mazos_ibfk_3` FOREIGN KEY (`MAZ_ID`) REFERENCES `mazos` (`MAZ_ID`)
) ENGINE=InnoDB DEFAULT CHARSET=latin1;

/*Data for the table `eventos_mazos` */

/*Table structure for table `formatos` */

DROP TABLE IF EXISTS `formatos`;

CREATE TABLE `formatos` (
  `FTO_ID` bigint(20) NOT NULL AUTO_INCREMENT,
  `FTO_NOMBRE` varchar(255) DEFAULT NULL,
  PRIMARY KEY (`FTO_ID`)
) ENGINE=InnoDB AUTO_INCREMENT=6 DEFAULT CHARSET=latin1;

/*Data for the table `formatos` */

insert  into `formatos`(`FTO_ID`,`FTO_NOMBRE`) values (1,'STANDAR'),(2,'MODERN'),(3,'LEGACY'),(4,'COMMANDAR'),(5,'VINTAGE');

/*Table structure for table `jugadores` */

DROP TABLE IF EXISTS `jugadores`;

CREATE TABLE `jugadores` (
  `JGD_ID` bigint(20) NOT NULL AUTO_INCREMENT,
  `JGD_NOMBRE` varchar(255) DEFAULT NULL,
  `JGD_PAIS` varchar(255) DEFAULT NULL,
  `JGD_DCI` varchar(255) DEFAULT NULL,
  PRIMARY KEY (`JGD_ID`)
) ENGINE=InnoDB AUTO_INCREMENT=9 DEFAULT CHARSET=latin1;

/*Data for the table `jugadores` */

insert  into `jugadores`(`JGD_ID`,`JGD_NOMBRE`,`JGD_PAIS`,`JGD_DCI`) values (1,'Francisco Arturo Carrasco Maureira','-','1205776700'),(2,'Mario BIsama',NULL,'7115100860'),(3,'Neftali Toro ',NULL,'3081087347'),(4,'Roberto del Rio',NULL,'2203827913'),(7,'Pietro Reyes',NULL,'4314941207');

/*Table structure for table `listas` */

DROP TABLE IF EXISTS `listas`;

CREATE TABLE `listas` (
  `LST_ID` bigint(20) DEFAULT NULL,
  `LST_CANTIDAD` bigint(20) DEFAULT NULL,
  `CRT_ID` bigint(20) DEFAULT NULL,
  `EVM_ID` bigint(20) DEFAULT NULL,
  KEY `EVM_ID` (`EVM_ID`),
  KEY `CRT_ID` (`CRT_ID`),
  CONSTRAINT `listas_ibfk_1` FOREIGN KEY (`EVM_ID`) REFERENCES `eventos_mazos` (`EVM_ID`),
  CONSTRAINT `listas_ibfk_2` FOREIGN KEY (`CRT_ID`) REFERENCES `cartas` (`CRT_ID`)
) ENGINE=InnoDB DEFAULT CHARSET=latin1;

/*Data for the table `listas` */

/*Table structure for table `mazos` */

DROP TABLE IF EXISTS `mazos`;

CREATE TABLE `mazos` (
  `MAZ_ID` bigint(20) NOT NULL AUTO_INCREMENT,
  `MAZ_NOMBRE` varchar(255) DEFAULT NULL,
  `FTO_ID` bigint(10) DEFAULT NULL,
  PRIMARY KEY (`MAZ_ID`),
  KEY `FTO_ID` (`FTO_ID`),
  CONSTRAINT `mazos_ibfk_1` FOREIGN KEY (`FTO_ID`) REFERENCES `formatos` (`FTO_ID`)
) ENGINE=InnoDB AUTO_INCREMENT=12 DEFAULT CHARSET=latin1;

/*Data for the table `mazos` */

insert  into `mazos`(`MAZ_ID`,`MAZ_NOMBRE`,`FTO_ID`) values (1,'JUND',2),(2,'UWR',2),(3,'BURN',2),(4,'MARDU TOKENS',2),(5,'UW CONTROL',2),(6,'BLUE MOON',2),(7,'TOKENS WB',2),(8,'BANTDRAZI',1),(9,'ELDRATRON',2),(10,'ADNAUSEUM',2),(11,'STORM',2);

/*Table structure for table `tiendas` */

DROP TABLE IF EXISTS `tiendas`;

CREATE TABLE `tiendas` (
  `TND_ID` bigint(20) NOT NULL AUTO_INCREMENT,
  `TND_NOMBRE` varchar(255) DEFAULT NULL,
  `TND_PROPIETARIO` varchar(255) DEFAULT NULL,
  `TND_DIRECCION` varchar(255) DEFAULT NULL,
  PRIMARY KEY (`TND_ID`)
) ENGINE=InnoDB AUTO_INCREMENT=5 DEFAULT CHARSET=latin1;

/*Data for the table `tiendas` */

insert  into `tiendas`(`TND_ID`,`TND_NOMBRE`,`TND_PROPIETARIO`,`TND_DIRECCION`) values (1,'LA FORJA DE STONE','JORGE PEÑAILILLO','GORBEA 762'),(2,'MAGIC SUR',NULL,NULL),(3,'MAGIC4EVER',NULL,NULL),(4,'STRONGHOLD',NULL,NULL);

/*!40101 SET SQL_MODE=@OLD_SQL_MODE */;
/*!40014 SET FOREIGN_KEY_CHECKS=@OLD_FOREIGN_KEY_CHECKS */;
/*!40014 SET UNIQUE_CHECKS=@OLD_UNIQUE_CHECKS */;
/*!40111 SET SQL_NOTES=@OLD_SQL_NOTES */;
